r_mean,g_mean,b_mean,r_std,g_std,b_std,h_mean,s_mean,v_mean,area,perimeter,circularity,aspect_ratio,solidity,contrast,dissimilarity,homogeneity,energy,correlation,entropy,gabor_mean,gabor_std,image_path,label
247.79834843520894,237.3288037252566,217.96426812225073,16.955882763989308,32.76806117713108,65.55871578689295,7.157686205553519,33.70385670592009,247.8116909709494,696663.0,3408.0,0.7537606084371439,1.501466275659824,1.0,22.55865295457248,1.2969745044472316,0.791809573804601,0.6240843052087182,0.9882819042768938,7.81159298108258,2266.8442,750.42566,D:/Kuliah/semester 4/Praktikum/Pengolahan Citra Digital/TUBES UAS/Tugas-Akhir-PCD-main/organik-pcd.jpg,organik
144.3904138888889,139.76505555555556,138.00185555555555,31.064816321788772,33.35249267708024,34.541936619793084,58.469122222222225,25.96683888888889,148.6397888888889,0.33107338728649455,2.044256663400257,7.2573879477932435,184668.0,8264.207606315613,0.033978098615637026,0.825,0.661714592851384,0.6217777777777778,369.8373695512208,513.2722851486928,13.750425499001068,0.10313991968437826,0.01620366620715184,0.7159488466398067,15.661752911895924,1357.8962,431.0958,140.95059444444445,31.21384358443064,D:/Kuliah/semester 4/Praktikum/Pengolahan Citra Digital/TUBES UAS/Tugas-Akhir-PCD-main/dataset-sampah/plastic/bungkus_jajan (24).jpg,organik
